test01_seedNotesInOrder	PASS	
test02_cardShowsSnippetAndDate	PASS	
test03_existingNoteOpensInPreview	PASS	
test04_previewRendersMarkdown	PASS	
test05_editModeShowsRawMarkdownWithoutKeyboard	PASS	
test06_starShowsInStarredTab	PASS	
test07_searchFiltersAndShowsEmptyState	PASS	
test08_newNoteOpensFocusedEditor	PASS	
test09_newNoteIsSavedAtTop	PASS	
test10_emptyNoteIsDeleted	PASS	
test11_keyboardDoesNotCoverEditor	PASS	
test12_editUpdatesDateOrderAndPersists	PASS	
test13_starPersistsAfterImmediateKill	PASS	
test14_sortByTitle	PASS	
test15_hideSnippets	PASS	
test16_notesCount	PASS	
test17_resetRestoresSeed	PASS	
test18_backReturnsToStarredTab	PASS	
test19_starredEmptyState	PASS	
test20_allIdentifiersPresent	PASS	
test21_tagFilter	PASS	
test22_tagChipsAndCleanSnippet	PASS	
test23_tagFilterCombinesWithSearch	PASS	
test24_newTagAppearsInFilterRow	PASS	
test25_checklistProgressOnCard	PASS	
test26_toggleTaskRewritesMarkdownAndPersists	PASS	
test27_deleteAndUndo	PASS	
test28_toastExpiresAndDeletePersists	PASS	
test29_deleteFromStarredReturnsToStarred	PASS	
test30_darkModeAppliesAndPersists	PASS	
test31_editorFollowsDarkMode	PASS	
test32_shareSheetOpens	PASS	
